label,name,notice,furigana
もえないごみ,雨どい（塩ビ）,大きい場合は自己搬入して下さい。,あ
もえないごみ,油のビン,分かるようにして出して下さい。,あ
もえないごみ,一斗缶（油、塗料など）,中身を使い切るか、処理してから出す。,い
もえないごみ,入れ歯,,い
もえないごみ,板ガラス,紙に包むなど、危険防止をする。,い
もえないごみ,植木鉢,,う
もえないごみ,温度計,,お
もえないごみ,ガラスくず,紙に包むなど、危険防止をする。,か
もえないごみ,ガラス製品,紙に包むなど、危険防止をする。,か
もえないごみ,花器,木製のものはもやせるごみへ。,か
もえないごみ,花瓶,木製のものはもえるごみへ。,か
もえないごみ,鏡,割れたものは紙に包んで出す。,か
もえないごみ,きゅうす,,き
もえないごみ,強化ガラス,紙に包むなど、危険防止をする。,き
もえないごみ,鏡台,,き
もえないごみ,クリスタルガラス,紙に包むなど、危険防止をする。,く
もえないごみ,グローランプ,,く
もえないごみ,薬の瓶（口に出来ないもの）,,く
もえないごみ,化粧品,,け
もえないごみ,化粧品のビン,,け
もえないごみ,蛍光灯,包装箱に入れるなど、危険防止をして出す。,け
もえないごみ,コップ（ガラス製）,,こ
もえないごみ,殺虫剤（瓶）,,さ
もえないごみ,皿（陶器・ガラス製）,割れたものは紙に包んで出す。,さ
もえないごみ,ジッポ,,し
もえないごみ,ジッポの燃料缶,中身を使い切るか、処理してから出す。,し
もえないごみ,シャープペンシル,,し
もえないごみ,七輪,,し
もえないごみ,すずり,,す
もえないごみ,水槽,大きなものは自己搬入となります。,す
もえないごみ,水中眼鏡,,す
もえないごみ,瀬戸物,割れたものは紙に包んで出す。,せ
もえないごみ,洗面台（陶器製）,大きなものは自己搬入となります。,せ
もえないごみ,体温計（水銀）,,た
もえないごみ,耐熱ガラス,紙に包むなど、危険防止をする。,た
もえないごみ,断熱材,,た
もえないごみ,茶器,,ち
もえないごみ,茶碗（陶器製）,,ち
もえないごみ,壺（陶器）,,つ
もえないごみ,電球,包装箱に入れるなど、危険防止をして出す。,て
もえないごみ,トイレ便座,,と
もえないごみ,砥石,,と
もえないごみ,土鍋,,と
もえないごみ,陶磁器類,,と
もえないごみ,ねんど（その他）,,ね
もえないごみ,灰皿（ガラス製）,,は
もえないごみ,鉢,,は
もえないごみ,ビニールパイプ,,ひ
もえないごみ,ビン（農薬・化粧品等）,中身を使い切って出す。,ひ
もえないごみ,ペン,,へ
もえないごみ,哺乳瓶（ガラス製）,,ほ
もえないごみ,マジックペン,プラスチック製はもえるごみ,ま
もえないごみ,マニキュアのビン,,ま
もえないごみ,窓ガラス,紙に包むなど、危険防止をする。,ま
もえないごみ,虫眼鏡,,む
もえないごみ,めがね類,金属が付いていたら金属・皮革ごみ。,め
もえないごみ,湯飲み茶碗,,ゆ
もえないごみ,ランプ,,ら
もえないごみ,ルージュ,,る
もえないごみ,ルーペ,,る
もえないごみ,割れたガラス,紙に包むなど、危険防止をする。,わ
もえないごみ,割れたビン,紙に包むなど、危険防止をする。,わ
もえるごみ,アイスノン,,あ
もえるごみ,油のプラ製容器,食用油、ドレッシングなど,あ
もえるごみ,油紙,,あ
もえるごみ,いす（木製）,金属類は取り除いてください。,い
もえるごみ,インクリボン（カートリッジ）,,い
もえるごみ,印鑑（木製・象牙）,,い
もえるごみ,犬・ねこのトイレシート、砂,,い
もえるごみ,色鉛筆,,い
もえるごみ,板きれ,長さ５０センチ以内に切ってください。,い
もえるごみ,板戸,大きい場合は自己搬入して下さい。,い
もえるごみ,ウェットティッシュ,,う
もえるごみ,うす,大きなものは自己搬入となります。,う
もえるごみ,鉛筆,,え
もえるごみ,枝類,長さ５０センチ以内に切ってください。,え
もえるごみ,おたま（木製）,,お
もえるごみ,おまる（プラスチック製）,きれいに洗ってください。,お
もえるごみ,オムツ,汚物は取り除いてください。,お
もえるごみ,オモチャ（木製）,,お
もえるごみ,桶（木製）,,お
もえるごみ,落ち葉,土は別にしてください。,お
もえるごみ,カーボン紙,,か
もえるごみ,カーボン製品,,か
もえるごみ,カイロ（使い捨て）,,か
もえるごみ,かけや（木づち）,,か
もえるごみ,カニの殻,,か
もえるごみ,かばん（ゴム製）,,か
もえるごみ,カラーボックス（木製）,大きなものは自己搬入となります。,か
もえるごみ,家具類（木製）,大きなものは自己搬入となります。,か
もえるごみ,貝殻,,か
もえるごみ,学習机（木製）,大きなものは自己搬入となります。,か
もえるごみ,額縁（木製）,大きなものは自己搬入となります。,か
もえるごみ,乾燥剤,,か
もえるごみ,感熱紙,,か
もえるごみ,玩具（木製）,,か
もえるごみ,固めた食用油,,か
もえるごみ,紙おむつ,汚物は取り除いてください。,か
もえるごみ,紙ねんど,,か
もえるごみ,紙ヤスリ,,か
もえるごみ,髪の毛、かつら,,か
もえるごみ,きね,,き
もえるごみ,牛乳ビンのふた,,き
もえるごみ,木くず,,き
もえるごみ,木づち,,き
もえるごみ,くし（ブラシ：木製）,,く
もえるごみ,クレパス,,く
もえるごみ,クレヨン,,く
もえるごみ,串（木製）,先を折るなどして、危険防止をする。,く
もえるごみ,靴（ナイロン製）,,く
もえるごみ,草花,,く
もえるごみ,薬,未開封のものを含む。,く
もえるごみ,下駄,,け
もえるごみ,下駄箱（木製）,大きなものは自己搬入となります。,け
もえるごみ,携帯灰皿,,け
もえるごみ,ゴザ（いぐさ）,,こ
もえるごみ,こたつ天板,,こ
もえるごみ,コップ（木製）,,こ
もえるごみ,ゴムホース,,こ
もえるごみ,ゴムマット,,こ
もえるごみ,ゴム手袋,,こ
もえるごみ,ゴム製品,,こ
もえるごみ,ゴルフボール,,こ
もえるごみ,コンタクトレンズ,未使用品は衣類・プラスチックへ。,こ
もえるごみ,米びつ（木製）,,こ
もえるごみ,サラダ油,紙にしみこませるか薬で固める。,さ
もえるごみ,サラダ油のボトル,,さ
もえるごみ,座いす（藤製）,,さ
もえるごみ,座布団（い草）,,さ
もえるごみ,座敷ほうき,,さ
もえるごみ,皿（木製）,,さ
もえるごみ,残飯,,さ
もえるごみ,しゃもじ（木製）,,し
もえるごみ,シャンプーの詰め替え袋,洗える場合は、衣類・プラスチックごみ。,し
もえるごみ,湿布,,し
もえるごみ,収納ケース（木製）,大きなものは自己搬入となります。,し
もえるごみ,障子戸（木製）,大きなものは自己搬入となります。,し
もえるごみ,障子紙,,し
もえるごみ,食器棚,大きなものは自己搬入となります。,し
もえるごみ,すだれ,,す
もえるごみ,すのこ（木製）,,す
もえるごみ,整髪料（チューブタイプ）,洗えばプラスチックごみ。,せ
もえるごみ,洗剤詰め替え袋,,せ
もえるごみ,草履（わら・木製）,,そ
もえるごみ,たたみ,自己搬入となります。,た
もえるごみ,たばこの吸い殻,火が消えていることを確認する。,た
もえるごみ,たんす,大きい場合は自己搬入して下さい。,た
もえるごみ,台所ごみ（生ごみ）,水切りしてください。,た
もえるごみ,脱臭剤,,た
もえるごみ,樽（木製）,,た
もえるごみ,卵の殻,,た
もえるごみ,卵パック（紙製）,,た
もえるごみ,ちょうちん,,ち
もえるごみ,ちり（掃除機から出たもの）,,ち
もえるごみ,ちり紙,,ち
もえるごみ,茶がら,,ち
もえるごみ,茶碗（木製）,,ち
もえるごみ,つまようじ,,つ
もえるごみ,机（木製）,大きなものは自己搬入となります。,つ
もえるごみ,使い捨てカイロ,,つ
もえるごみ,積み木（木製）,,つ
もえるごみ,釣り糸,,つ
もえるごみ,テーブル（木製）,使えるものはリサイクルへ。,て
もえるごみ,テニスボール,,て
もえるごみ,テレビ台,大きなものは自己搬入となります。,て
もえるごみ,手まり,,て
もえるごみ,手袋（ゴム製）,,て
もえるごみ,天ぷら油,薬で固めるか、紙にすわせてから出す。,て
もえるごみ,動物のトイレシート、砂,,と
もえるごみ,生ごみ,水切りをしてください。,な
もえるごみ,長靴,長さ５０センチ以内に。,な
もえるごみ,ねこ・犬のトイレシート、砂,汚物は取り除いてください。,ね
もえるごみ,ねんど（紙製）,,ね
もえるごみ,ハンガー（木製）,金具がとれない場合は金属へ,は
もえるごみ,花火,使用して、火薬が残っていないことを確認する。,は
もえるごみ,灰,多量のものは受け入れできません。,は
もえるごみ,歯磨き粉,,は
もえるごみ,歯磨き粉チューブ,,は
もえるごみ,箸（木製）,,は
もえるごみ,プランター（木製）,,ふ
もえるごみ,筆,,ふ
もえるごみ,ヘアブラシ（木製）,,へ
もえるごみ,ベット（木製）,大きなものは自己搬入となります。,へ
もえるごみ,ベビーベット（木製）,リサイクルできませんか？,へ
もえるごみ,ほうき,,ほ
もえるごみ,ホース（ゴム製）,長さ５０センチ以内に。,ほ
もえるごみ,ボールペン,,ほ
もえるごみ,ホッカイロ,,ほ
もえるごみ,本棚（木製）,大きなものは自己搬入となります。,ほ
もえるごみ,まくら（その他）,,ま
もえるごみ,まな板（木製）,長さ５０センチ以内に。,ま
もえるごみ,木片,５０センチ以下に切って出す。,も
もえるごみ,野菜くず,水切りをしてください。,や
もえるごみ,ラケット（木製）,,ら
もえるごみ,料理くず,コンポストにできませんか？,り
もえるごみ,レトルト食品の袋,,れ
もえるごみ,冷却剤（保冷剤）,,れ
もえるごみ,ろうそく,,ろ
もえるごみ,ロープ（天然素材）,５０センチ以下に切って出す。,ろ
もえるごみ,ワインの栓,,わ
もえるごみ,割り箸,,わ
もやせるごみ,サイドボード,,さ
衣類・プラスチックごみ,アルミコーティングの袋,,あ
衣類・プラスチックごみ,網（ナイロン製）,,あ
衣類・プラスチックごみ,衣装ケース（プラスチック製）,,い
衣類・プラスチックごみ,衣類,,い
衣類・プラスチックごみ,一升瓶のふた（プラスチック製）,,い
衣類・プラスチックごみ,印鑑（プラスチック製品）,,い
衣類・プラスチックごみ,うちわ（プラスチック製）,竹製のものはもえるごみへ。,う
衣類・プラスチックごみ,羽毛布団,,う
衣類・プラスチックごみ,浮き輪,,う
衣類・プラスチックごみ,オムツカバー,汚れたものはもえるごみへ,お
衣類・プラスチックごみ,オモチャ（布・ナイロン製）,,お
衣類・プラスチックごみ,お菓子の袋,汚れたものはもえるごみへ,お
衣類・プラスチックごみ,桶（プラスチック製品）,,お
衣類・プラスチックごみ,帯,,お
衣類・プラスチックごみ,カーテン,,か
衣類・プラスチックごみ,カーペット,,か
衣類・プラスチックごみ,カセットテープ,,か
衣類・プラスチックごみ,カップ麺の容器(プラスチック製）,軽くすすいでください。,か
衣類・プラスチックごみ,かばん（ビニール製）,,か
衣類・プラスチックごみ,カラーボックス（プラスチック製）,大きなものは自己搬入となります。,か
衣類・プラスチックごみ,化学繊維の衣服など,,か
衣類・プラスチックごみ,化繊の衣服など,,か
衣類・プラスチックごみ,家具類（プラスチック製）,大きなものは自己搬入となります。,か
衣類・プラスチックごみ,菓子の袋,汚れたものはもえるごみへ,か
衣類・プラスチックごみ,蚊帳（かや）,大きなものは自己搬入となります。,か
衣類・プラスチックごみ,玩具（布・ナイロン製）,,か
衣類・プラスチックごみ,買い物袋（レジ袋）,,か
衣類・プラスチックごみ,キャップ（プラスチック製）,,き
衣類・プラスチックごみ,クーラーボックス,,く
衣類・プラスチックごみ,くし（ブラシ：プラスチック製）,,く
衣類・プラスチックごみ,クッション,大きなものは自己搬入となります。,く
衣類・プラスチックごみ,靴下,汚れたものはもえるごみ。,く
衣類・プラスチックごみ,軍手,汚れたものはもえるごみ。,く
衣類・プラスチックごみ,口紅（プラスチック製）,,く
衣類・プラスチックごみ,薬の入れ物（ナイロン製）,,く
衣類・プラスチックごみ,玄関マット（ナイロン・布製）,,け
衣類・プラスチックごみ,玄関泥落としマット,汚れたものはもえるごみ。,け
衣類・プラスチックごみ,毛糸,,け
衣類・プラスチックごみ,ゴザ（ビニール製）,,こ
衣類・プラスチックごみ,こたつ用下敷き,,こ
衣類・プラスチックごみ,こたつ用布団,,こ
衣類・プラスチックごみ,コップ（プラスチック製）,,こ
衣類・プラスチックごみ,梱包用ＰＰテープ,,こ
衣類・プラスチックごみ,米びつ（プラスチック製）,,こ
衣類・プラスチックごみ,サーフボード,５０センチ以下に切って,さ
衣類・プラスチックごみ,ざる（プラスチック製）,金属製は、金属・皮革ごみ。,さ
衣類・プラスチックごみ,サンダル,ゴム製は、もえるごみ。,さ
衣類・プラスチックごみ,座布団（布製・ナイロン製）,,さ
衣類・プラスチックごみ,皿（プラスチック製）,軽くすすいでください。,さ
衣類・プラスチックごみ,酒のふた,金属製は、金属・皮革ごみ。,さ
衣類・プラスチックごみ,ＣＤ,,し
衣類・プラスチックごみ,ＣＤ－ＲＯＭ,,し
衣類・プラスチックごみ,ＣＤケース（プラスチック製）,,し
衣類・プラスチックごみ,シーツ,,し
衣類・プラスチックごみ,しゃもじ（プラスチック製）,,し
衣類・プラスチックごみ,シューズケース（布製）,,し
衣類・プラスチックごみ,ジュースのふた（プラスチック製）,,し
衣類・プラスチックごみ,ジュースの容器（プラスチック製）,,し
衣類・プラスチックごみ,じゅうたん,大きなものは自己搬入となります。,し
衣類・プラスチックごみ,じょうろ（プラスチック製）,,し
衣類・プラスチックごみ,磁気マットレス,,し
衣類・プラスチックごみ,磁気枕,,し
衣類・プラスチックごみ,収納ケース（プラスチック製）,大きなものは自己搬入となります。,し
衣類・プラスチックごみ,スーツケース,,す
衣類・プラスチックごみ,スキーウェアー,,す
衣類・プラスチックごみ,スタンプ,,す
衣類・プラスチックごみ,ズック,ゴム製は、もえるごみ。,す
衣類・プラスチックごみ,ズック袋（布・プラスチック製）,,す
衣類・プラスチックごみ,スティック,,す
衣類・プラスチックごみ,スティックのり,,す
衣類・プラスチックごみ,ストッキング,,す
衣類・プラスチックごみ,スノーボード,,す
衣類・プラスチックごみ,すのこ（プラスチック製）,,す
衣類・プラスチックごみ,スプーン（プラスチック製）,,す
衣類・プラスチックごみ,スポンジ,,す
衣類・プラスチックごみ,スリッパ（プラスチック製）,,す
衣類・プラスチックごみ,スリッパ（布製）,,す
衣類・プラスチックごみ,セーター,,せ
衣類・プラスチックごみ,石油ポンプ（プラスチック製）,,せ
衣類・プラスチックごみ,洗剤容器,軽くすすいでください。,せ
衣類・プラスチックごみ,洗面器（プラスチック製）,,せ
衣類・プラスチックごみ,背広,,せ
衣類・プラスチックごみ,ソファー（スポンジ系のみ）,使えるものはリサイクルへ。,そ
衣類・プラスチックごみ,タオル,,た
衣類・プラスチックごみ,タオルケット,,た
衣類・プラスチックごみ,樽（プラスチック製）,,た
衣類・プラスチックごみ,卵パック（プラスチック製）,,た
衣類・プラスチックごみ,調味料の入れ物（プラスチック製）,,ち
衣類・プラスチックごみ,積み木（プラスチック製）,,つ
衣類・プラスチックごみ,吊り鉢,,つ
衣類・プラスチックごみ,釣り用リール,金属が付いていたら金属・皮革ごみ。,つ
衣類・プラスチックごみ,釣り用浮き類,,つ
衣類・プラスチックごみ,Ｔシャツ,,て
衣類・プラスチックごみ,テーブルクロス（ビニール製）,,て
衣類・プラスチックごみ,テーブルクロス（布・ナイロン製）,,て
衣類・プラスチックごみ,テレホンカード,,て
衣類・プラスチックごみ,テント（布・ビニール製）,,て
衣類・プラスチックごみ,手袋（布製）,,て
衣類・プラスチックごみ,トイレ便座カバー,,と
衣類・プラスチックごみ,トレイ（プラスチック製）,軽くすすいでください。,と
衣類・プラスチックごみ,ドレッシングの容器（プラスチック）,軽くすすいでください。,と
衣類・プラスチックごみ,豆腐のパック,軽くすすいでください。,と
衣類・プラスチックごみ,ナップサック,,な
衣類・プラスチックごみ,荷造りヒモ,,に
衣類・プラスチックごみ,ぬいぐるみ,,ぬ
衣類・プラスチックごみ,布・布くず,,ぬ
衣類・プラスチックごみ,ネガ,見られたくなければもえるごみ。,ね
衣類・プラスチックごみ,海苔の袋,,の
衣類・プラスチックごみ,海苔の入れ物（プラスチック製）,,の
衣類・プラスチックごみ,バインダー（プラスチック製）,,は
衣類・プラスチックごみ,バケツ（プラスチック製）,,は
衣類・プラスチックごみ,ハンガー（プラスチック製）,,は
衣類・プラスチックごみ,歯ブラシ,,は
衣類・プラスチックごみ,箸（プラスチック製）,,は
衣類・プラスチックごみ,PPテープ,,ひ
衣類・プラスチックごみ,ビデオテープ,,ひ
衣類・プラスチックごみ,ビニールテーブルクロス,,ひ
衣類・プラスチックごみ,ビニールホース,,ひ
衣類・プラスチックごみ,ビニール合羽,,ひ
衣類・プラスチックごみ,ビニール風呂敷,,ひ
衣類・プラスチックごみ,ビンのふた（プラスチック）,,ひ
衣類・プラスチックごみ,肥料袋,軽くすすいでください。,ひ
衣類・プラスチックごみ,フィルム,見られたくなければもえるごみ。,ふ
衣類・プラスチックごみ,フィルムネガ,見られたくなければもえるごみ。,ふ
衣類・プラスチックごみ,プランター（プラスチック製）,,ふ
衣類・プラスチックごみ,ブルーシート,,ふ
衣類・プラスチックごみ,フロッピーディスク,,ふ
衣類・プラスチックごみ,布団,,ふ
衣類・プラスチックごみ,布団カバー,,ふ
衣類・プラスチックごみ,風呂マット,,ふ
衣類・プラスチックごみ,風呂敷（ビニール製）,,ふ
衣類・プラスチックごみ,風呂敷（布製、ナイロン製）,,ふ
衣類・プラスチックごみ,ヘアブラシ（プラスチック製）,,へ
衣類・プラスチックごみ,ベット（スポンジ製）,大きなものは自己搬入となります。,へ
衣類・プラスチックごみ,ペットボトル（飲料系以外）,洗ってあれば資源ごみとする。,へ
衣類・プラスチックごみ,ペットボトルのふた・ラベル,,へ
衣類・プラスチックごみ,ペット容器（ボトルタイプ以外）,,へ
衣類・プラスチックごみ,ベルト（布製）,,へ
衣類・プラスチックごみ,弁当箱（プラスチック製）,,べ
衣類・プラスチックごみ,ぼうし,,ほ
衣類・プラスチックごみ,ホース（ビニール製）,,ほ
衣類・プラスチックごみ,ボール,,ほ
衣類・プラスチックごみ,ポリタンク,中身を使い切るか、処理してから出す。,ほ
衣類・プラスチックごみ,本棚（プラスチック製）,大きなものは自己搬入となります。,ほ
衣類・プラスチックごみ,哺乳瓶（プラスチック製）,,ほ
衣類・プラスチックごみ,まくら（スポンジ製）,,ま
衣類・プラスチックごみ,マットレス（スプリングなし）,大きなものは自己搬入となります。,ま
衣類・プラスチックごみ,まな板（プラスチック製）,,ま
衣類・プラスチックごみ,虫かご（プラスチック製）,,む
衣類・プラスチックごみ,毛布,,も
衣類・プラスチックごみ,焼き肉のたれ容器（プラスチック）,洗えないものは、もえるごみへ。,や
衣類・プラスチックごみ,ゆかた,,ゆ
衣類・プラスチックごみ,汚れたレジ袋,洗って汚れを取る。,よ
衣類・プラスチックごみ,ラップ,汚れている場合はもえるごみ。,ら
衣類・プラスチックごみ,リール（ホース用）,,り
衣類・プラスチックごみ,リュックサック,,り
衣類・プラスチックごみ,レコード,,れ
衣類・プラスチックごみ,ロープ（化繊）,,ろ
衣類・プラスチックごみ,ワイシャツ,,わ
衣類・プラスチックごみ,綿,,わ
金属・皮革ごみ,アイロン,,あ
金属・皮革ごみ,アイロン台,,あ
金属・皮革ごみ,アルミホイル,汚れたものはもえるごみへ,あ
金属・皮革ごみ,アルミ箔,汚れたものはもえるごみへ,あ
金属・皮革ごみ,アンテナ,,あ
金属・皮革ごみ,安全ピン,,あ
金属・皮革ごみ,編み機,,あ
金属・皮革ごみ,網（金属製）,,あ
金属・皮革ごみ,いす（金属製）,,い
金属・皮革ごみ,インターホン,,い
金属・皮革ごみ,一升瓶のふた（金属製）,,い
金属・皮革ごみ,一斗缶,油・塗料・危険物等は除きます。,い
金属・皮革ごみ,一輪車（スポーツ用）,自己搬入して下さい。,い
金属・皮革ごみ,一輪車（ねこ車）,自己搬入して下さい。,い
金属・皮革ごみ,印鑑（金属製）,,い
金属・皮革ごみ,鋳物類,,い
金属・皮革ごみ,乳母車,自己搬入となります。,う
金属・皮革ごみ,腕時計,,う
金属・皮革ごみ,エレクトーン,大きなものは自己搬入となります。,え
金属・皮革ごみ,延長コード,,え
金属・皮革ごみ,鉛筆削り機,,え
金属・皮革ごみ,オーブントースター,,お
金属・皮革ごみ,おたま（金属製）,プラスチック製は、衣類・プラスチックごみ。,お
金属・皮革ごみ,オモチャ（金属製）,,お
金属・皮革ごみ,オルガン,大きなものは自己搬入となります。,お
金属・皮革ごみ,おろし金,,お
金属・皮革ごみ,お菓子の缶,,お
金属・皮革ごみ,押しピン,,お
金属・皮革ごみ,王冠（ふた）,,お
金属・皮革ごみ,カーテンレール,プラスチック製は、衣類・プラスチックごみ。,か
金属・皮革ごみ,カーペット（電気）,,か
金属・皮革ごみ,ガスレンジ,電池を外して出す。,か
金属・皮革ごみ,ガス給湯器,,か
金属・皮革ごみ,カセットガスボンベ,穴を空けて、ガス抜きをして出す。,か
金属・皮革ごみ,カセットコンロ,カセットガスボンベを外して出す。,か
金属・皮革ごみ,カセットデッキ,大きなものは自己搬入となります。,か
金属・皮革ごみ,カッターナイフ,紙に包むなど、危険防止をする。,か
金属・皮革ごみ,かなづち,,か
金属・皮革ごみ,かばん（革製）,,か
金属・皮革ごみ,かみそり,紙に包むなど、危険防止をする。,か
金属・皮革ごみ,カメラ,,か
金属・皮革ごみ,家具類（金属製）,大きなものは自己搬入となります。,か
金属・皮革ごみ,菓子の缶,,か
金属・皮革ごみ,画鋲,,か
金属・皮革ごみ,懐中電灯,,か
金属・皮革ごみ,革靴,靴底がゴムの場合はもえるごみ,か
金属・皮革ごみ,革製ジャンパー,,か
金属・皮革ごみ,革製品,,か
金属・皮革ごみ,学習机（金属製）,大きなものは自己搬入となります。,か
金属・皮革ごみ,額縁（金属製）,大きなものは自己搬入となります。,か
金属・皮革ごみ,釜,,か
金属・皮革ごみ,鎌,紙に包むなど、危険防止をする。,か
金属・皮革ごみ,乾燥機（布団）,,か
金属・皮革ごみ,乾電池（その他）,,か
金属・皮革ごみ,換気扇,,か
金属・皮革ごみ,看板（金属製）,,か
金属・皮革ごみ,缶（その他の缶）,缶詰・お菓子・ミルク・お茶などの缶,か
金属・皮革ごみ,玩具（金属製）,,か
金属・皮革ごみ,鍵,,か
金属・皮革ごみ,傘,両端を縛って出す。,か
金属・皮革ごみ,キーホルダー,,き
金属・皮革ごみ,キャップ（金属製）,,き
金属・皮革ごみ,脚立,木製のものはもえるごみへ。,き
金属・皮革ごみ,クリップ,,く
金属・皮革ごみ,グローブ,,く
金属・皮革ごみ,靴（革製）,,く
金属・皮革ごみ,口紅（金属製）,,く
金属・皮革ごみ,釘,紙に包むなど、危険防止をする。,く
金属・皮革ごみ,ケーブル類,,け
金属・皮革ごみ,ゲームソフト,,け
金属・皮革ごみ,ゲーム機,,け
金属・皮革ごみ,下駄箱（金属製）,大きなものは自己搬入となります。,け
金属・皮革ごみ,携行缶,中身を使い切るか、処理してから出す。,け
金属・皮革ごみ,計量器（計り）,,け
金属・皮革ごみ,剣山,紙に包むなど、危険防止をする。,け
金属・皮革ごみ,玄関マット（金属製）,,け
金属・皮革ごみ,コード,,こ
金属・皮革ごみ,コードリール,,こ
金属・皮革ごみ,こたつ,,こ
金属・皮革ごみ,ゴルフクラブ,,こ
金属・皮革ごみ,ゴルフバック,,こ
金属・皮革ごみ,コンロ,,こ
金属・皮革ごみ,コンロ用カセットガスボンベ,ガスが残っていないこと。,こ
金属・皮革ごみ,高圧洗浄機,,こ
金属・皮革ごみ,小型電気製品,,こ
金属・皮革ごみ,粉ミルクの缶,,こ
金属・皮革ごみ,さびたナイフ,,さ
金属・皮革ごみ,さびた缶,,さ
金属・皮革ごみ,座椅子,金属パイプ式,さ
金属・皮革ごみ,殺虫剤（スプレー缶）,穴を空けて、ガス抜きをして出す。,さ
金属・皮革ごみ,三輪車,自己搬入となります。,さ
金属・皮革ごみ,ＣＤプレイヤー,,し
金属・皮革ごみ,ＣＤラジカセ,,し
金属・皮革ごみ,ジューサー,,し
金属・皮革ごみ,ジュースのふた（金属）,,し
金属・皮革ごみ,磁気ネックレス,,し
金属・皮革ごみ,磁気ブレスレット,,し
金属・皮革ごみ,磁石,,し
金属・皮革ごみ,自転車,自己搬入となります。,し
金属・皮革ごみ,瞬間湯沸かし器,大きなものは自己搬入となります。,し
金属・皮革ごみ,除湿器（持ち運び型）,,し
金属・皮革ごみ,消臭スプレー,穴を空けて、ガス抜きをして出す。,し
金属・皮革ごみ,照明器具,蛍光灯・電球は、もえないごみへ。,し
金属・皮革ごみ,障子戸（金属製）,大きなものは自己搬入となります。,し
金属・皮革ごみ,浄水器,大きなものは自己搬入となります。,し
金属・皮革ごみ,スキーブーツ,,す
金属・皮革ごみ,スキー板,大きなものは自己搬入となります。,す
金属・皮革ごみ,スコップ,,す
金属・皮革ごみ,スチール家具,大きなものは自己搬入となります。,す
金属・皮革ごみ,ステレオ,大きなものは自己搬入となります。,す
金属・皮革ごみ,ステンレスジャー,,す
金属・皮革ごみ,ステンレスパイプ棚,,す
金属・皮革ごみ,ストーブ,油を抜き、電池を外して出す。,す
金属・皮革ごみ,スパナー,,す
金属・皮革ごみ,スピーカー,,す
金属・皮革ごみ,スプーン（金属製）,,す
金属・皮革ごみ,スプレー缶,穴をあけて、ガス抜きをして出す。,す
金属・皮革ごみ,ズボンプレッサー,,す
金属・皮革ごみ,水筒,,す
金属・皮革ごみ,炊飯器,,す
金属・皮革ごみ,整髪料（スプレー缶）,穴を空けて、ガス抜きをして出す。,せ
金属・皮革ごみ,石油ストーブ,油を抜き、電池をはずして出す。,せ
金属・皮革ごみ,石油ファンヒーター,油を抜いて出す。,せ
金属・皮革ごみ,石油ポンプ（電動）,,せ
金属・皮革ごみ,扇風機,,せ
金属・皮革ごみ,栓抜き,,せ
金属・皮革ごみ,洗濯物物干し竿,木製・竹製のものはもえるごみへ,せ
金属・皮革ごみ,洗面器（金属製）,,せ
金属・皮革ごみ,ソファー（金属を含むもの）,使えるものはリサイクルへ。,そ
金属・皮革ごみ,双眼鏡,使えるものはリサイクルへ。,そ
金属・皮革ごみ,掃除機,使えるものはリサイクルへ。,そ
金属・皮革ごみ,タイヤ（ねこ車）,,た
金属・皮革ごみ,タイヤ（自転車）,自己搬入となります。,た
金属・皮革ごみ,たわし,,た
金属・皮革ごみ,体温計（電子）,,た
金属・皮革ごみ,体重計,,た
金属・皮革ごみ,チャイルドシート,,ち
金属・皮革ごみ,調味料の入れ物（缶）,,ち
金属・皮革ごみ,机（金属製）,大きなものは自己搬入となります。,つ
金属・皮革ごみ,使い捨てライター,中身を使い切るか、処理してから出す。,つ
金属・皮革ごみ,爪切り,,つ
金属・皮革ごみ,釣り竿,,つ
金属・皮革ごみ,釣り針,,つ
金属・皮革ごみ,釣り用おもり,,つ
金属・皮革ごみ,テーブル（金属製）,使えるものはリサイクルへ。,て
金属・皮革ごみ,デジタルカメラ,使えるものはリサイクルへ。,て
金属・皮革ごみ,テニスラケット,,て
金属・皮革ごみ,テント（骨組み）,,て
金属・皮革ごみ,天体望遠鏡,,て
金属・皮革ごみ,電気カーペット,,て
金属・皮革ごみ,電気カミソリ,,て
金属・皮革ごみ,電気コード,,て
金属・皮革ごみ,電気こたつ,,て
金属・皮革ごみ,電気ストーブ,,て
金属・皮革ごみ,電気ポット,,て
金属・皮革ごみ,電気炊飯器,,て
金属・皮革ごみ,電気毛布,,て
金属・皮革ごみ,電子レンジ,,て
金属・皮革ごみ,電卓,,て
金属・皮革ごみ,電池,,て
金属・皮革ごみ,電話機,,て
金属・皮革ごみ,トースター,,と
金属・皮革ごみ,ドライバー,,と
金属・皮革ごみ,ドライバー（電動）,,と
金属・皮革ごみ,ドライヤー,,と
金属・皮革ごみ,ドレッシングの容器（缶）,軽くすすいでください。,と
金属・皮革ごみ,時計,,と
金属・皮革ごみ,塗料スプレー缶,穴を空けて、ガス抜きをして出す。,と
金属・皮革ごみ,塗料の入れ物,中身を使い切るか、処理してから出す。,と
金属・皮革ごみ,ナイフ類,紙に包むなど、危険防止をする。,な
金属・皮革ごみ,鍋（金属製）,土鍋はもえないごみ。,な
金属・皮革ごみ,流し台,自己搬入となります。,な
金属・皮革ごみ,縫い針,紙に包むなど、危険防止をする。,ぬ
金属・皮革ごみ,ねじ,紙に包むなど、危険防止をする。,ね
金属・皮革ごみ,のこぎり,紙に包むなど、危険防止をする。,の
金属・皮革ごみ,海苔の入れ物（缶）,,の
金属・皮革ごみ,農機具類（動力無し）,紙に包むなど、危険防止をする。,の
金属・皮革ごみ,パイプベット,,は
金属・皮革ごみ,パイプ椅子,,は
金属・皮革ごみ,バインダーの留め具,,は
金属・皮革ごみ,バケツ（金属製）,,は
金属・皮革ごみ,はさみ類,紙に包むなど、危険防止をする。,は
金属・皮革ごみ,ハンガー（金属製）,,は
金属・皮革ごみ,ハンマー,紙に包むなど、危険防止をする。,は
金属・皮革ごみ,灰皿（金属製）,,は
金属・皮革ごみ,針金,紙に包むなど、危険防止をする。,は
金属・皮革ごみ,刃物,紙に包むなど、危険防止をする。,は
金属・皮革ごみ,秤,,は
金属・皮革ごみ,箸（金属製）,,は
金属・皮革ごみ,ビールのボトルのふた,,ひ
金属・皮革ごみ,ビールの栓,,ひ
金属・皮革ごみ,ひげそり,紙に包むなど、危険防止をする。,ひ
金属・皮革ごみ,ビデオカメラ,,ひ
金属・皮革ごみ,ビデオデッキ,,ひ
金属・皮革ごみ,ビンのふた（金属製）,,ひ
金属・皮革ごみ,ファックス（機械）,,ふ
金属・皮革ごみ,ファンヒーター,油と電池を抜きして出す。,ふ
金属・皮革ごみ,フォーク,紙に包むなど、危険防止をする。,ふ
金属・皮革ごみ,フライパン,,ふ
金属・皮革ごみ,プリンター,,ふ
金属・皮革ごみ,ヘアスプレー,穴を空けて、ガス抜きをして出す。,へ
金属・皮革ごみ,ベット（金属製）,大きなものは自己搬入となります。,へ
金属・皮革ごみ,ベビーカー,リサイクルできませんか？,へ
金属・皮革ごみ,ベビーベット（その他）,リサイクルできませんか？,へ
金属・皮革ごみ,ベビー椅子,リサイクルできませんか？,へ
金属・皮革ごみ,ヘルスメーター,,へ
金属・皮革ごみ,ベルト（革製）,,へ
金属・皮革ごみ,ヘルメット,,へ
金属・皮革ごみ,弁当箱（金属製）,,べ
金属・皮革ごみ,ボイラー,自己搬入となります。,ほ
金属・皮革ごみ,ホーロー鍋,,ほ
金属・皮革ごみ,ホッチキス,,ほ
金属・皮革ごみ,ポット（電気）,まほうビンはもえないごみ。,ほ
金属・皮革ごみ,ホットカーペット,,ほ
金属・皮革ごみ,ホットプレート,,ほ
金属・皮革ごみ,歩行器,,ほ
金属・皮革ごみ,包丁,紙に包むなど、危険防止をする。,ほ
金属・皮革ごみ,本棚（金属製）,大きなものは自己搬入となります。,ほ
金属・皮革ごみ,マグネット,,ま
金属・皮革ごみ,マットレス（スプリングあり）,大きなものは自己搬入となります。,ま
金属・皮革ごみ,ミキサー,,み
金属・皮革ごみ,ミシン,大きなものは自己搬入となります。,み
金属・皮革ごみ,ミルク缶,,み
金属・皮革ごみ,蒸し器,,む
金属・皮革ごみ,メジャー,,め
金属・皮革ごみ,物干し竿,竹木製のものはもえるごみ。,も
金属・皮革ごみ,毛布（電気）,,も
金属・皮革ごみ,餅つき機,,も
金属・皮革ごみ,やかん,,や
金属・皮革ごみ,湯沸かし器,,ゆ
金属・皮革ごみ,ライター（金属製）,油ぬきをして出す。,ら
金属・皮革ごみ,ライター（使い捨て）,スイッチを押して、ガス抜きをして出す。,ら
金属・皮革ごみ,ライターのガスボンベ,穴を空けて、ガス抜きをして出す。,ら
金属・皮革ごみ,ライターの燃料缶,中身を使い切るか、処理してから出す。,ら
金属・皮革ごみ,ラケット,,ら
金属・皮革ごみ,ラジオ,リサイクルできませんか？,ら
金属・皮革ごみ,ラジカセ,リサイクルできませんか？,ら
金属・皮革ごみ,ランチジャー,,ら
金属・皮革ごみ,ランドセル,,ら
金属・皮革ごみ,リール（金属製品）,,り
金属・皮革ごみ,レコードプレイヤー,,れ
金属・皮革ごみ,レンジ（ガス）,大きなものは自己搬入となります。,れ
金属・皮革ごみ,レンジ（電気）,大きなものは自己搬入となります。,れ
金属・皮革ごみ,冷凍庫（業務用）,ガス抜きして証明書を付けてください。,れ
金属・皮革ごみ,ワープロ,,わ
金属・皮革ごみ,ワンカップ（熱燗機能有り）,,わ
資源ごみ,空きビン（食品関係）,軽くすすいでください。,あ
資源ごみ,空き缶（飲料）,軽くすすいでください。,あ
資源ごみ,一升瓶（しょうゆ）,あきビン　軽くすすいでください。,い
資源ごみ,一升瓶（酒用・茶色以外）,あきビン　軽くすすいでください。,い
資源ごみ,飲料用、紙パック,紙パック・その他紙,い
資源ごみ,絵本,雑誌,え
資源ごみ,カタログ,雑誌,か
資源ごみ,カップ麺の容器(紙製）,紙パック・その他紙　軽くすすいでください。,か
資源ごみ,カレンダー,紙パック・その他紙,か
資源ごみ,缶（飲料系）,あき缶　軽くすすいでください。,か
資源ごみ,紙パック,紙パック・その他紙,か
資源ごみ,紙類（新聞、ダンボール、雑誌以外）,紙パック・その他紙　汚れた紙類はもえるごみへ。,か
資源ごみ,牛乳パック,紙パック・その他紙,き
資源ごみ,薬の瓶（口に出来るもの）,あきビン　軽くすすいでください。,く
資源ごみ,広告紙,新聞紙と一緒に出す。,こ
資源ごみ,梱包用ダンボール,ダンボール,こ
資源ごみ,梱包用発泡スチロール,発泡スチロール・発泡トレイ,こ
資源ごみ,米の袋（紙製）,紙パック・その他紙,こ
資源ごみ,雑誌類,雑誌,さ
資源ごみ,皿（紙製）,紙パック・その他紙　汚れていればもえるごみ,さ
資源ごみ,酒のビン（ワンカップ）,あきビン　軽くすすいでください。,さ
資源ごみ,酒のビン（一升瓶以外）,あきビン　軽くすすいでください。,さ
資源ごみ,酒のビン（茶色以外の一升瓶）,あきビン　軽くすすいでください。,さ
資源ごみ,酒の外箱,紙パック・その他紙,さ
資源ごみ,酒パック（コーティングなし）,ダンボール,さ
資源ごみ,酒パック（コーティング有り）,紙パック・その他紙,さ
資源ごみ,ＣＤケース（紙製）,紙パック・その他紙,し
資源ごみ,ジュースの容器（ビン）,あきビン　軽くすすいでください。,し
資源ごみ,ジュースの容器（ペットボトル）,ペットボトル　軽くすすいでください。,し
資源ごみ,ジュースの容器（缶）,あき缶　軽くすすいでください。,し
資源ごみ,ジュースの容器（紙パック）,紙パック・その他紙　軽くすすいでください。,し
資源ごみ,辞書・辞典,雑誌,し
資源ごみ,醤油のビン,その他リターナブルビンは販売店へ。,し
資源ごみ,新聞のチラシ,新聞紙と一緒に出す。,し
資源ごみ,新聞紙,チラシも一緒に出す。,し
資源ごみ,清涼飲料水の容器（ビン）,あきビン軽くすすいでください。,せ
資源ごみ,清涼飲料水の容器（ペットボトル）,ペットボトル　軽くすすいでください。,せ
資源ごみ,清涼飲料水の容器（缶）,あき缶　軽くすすいでください。,せ
資源ごみ,清涼飲料水の容器（紙製）,紙パック・その他紙　軽くすすいでください。,せ
資源ごみ,ダンボール,ダンボール,た
資源ごみ,チラシ,新聞紙と一緒に出して下さい。,ち
資源ごみ,調味料の入れ物（ビン）,あきビン　軽くすすいでください。,ち
資源ごみ,電話帳,雑誌,て
資源ごみ,ドリンクビン（リポビタン・オロナミンなど）,あきビン　軽くすすいでください。,と
資源ごみ,ドリンク缶,あき缶　軽くすすいでください。,と
資源ごみ,トレイ（発泡スチロール製）,発泡スチロール・発泡トレイ　軽くすすいでください。,と
資源ごみ,ドレッシングの容器（ビン）,あきビン　軽くすすいでください。,と
資源ごみ,海苔の入れ物（ビン）,軽くすすいでください。,の
資源ごみ,バインダー（紙製）,紙パック・その他紙,は
資源ごみ,はがき,紙パック・その他紙　見られたくなければもえるごみ。,は
資源ごみ,白色トレイ,発泡ｽﾁﾛｰﾙ・発泡ﾄﾚｲ　軽くすすいでください。,は
資源ごみ,発泡スチロール・発泡トレイ,発泡ｽﾁﾛｰﾙ・発泡ﾄﾚｲ　軽くすすいでください。,は
資源ごみ,ビールのボトル,あきビン　定形じゃないもの。,ひ
資源ごみ,ビールの缶,あき缶軽くすすいでください。,ひ
資源ごみ,ビン（その他）,あきビン　軽くすすいでください。,ひ
資源ごみ,ビン（飲料・リポビタン・オロナミンなど）,あきビン　軽くすすいでください。,ひ
資源ごみ,ビン（調味料）,あきビン　軽くすすいでください。,ひ
資源ごみ,ビン（油・サラダ油系）,あきビン　洗えないものはもえないごみ。,ひ
資源ごみ,ファックス紙,紙パック・その他紙,ふ
資源ごみ,ペットボトル（飲料系）,ペットボトル　軽くすすいでください。,へ
資源ごみ,包装紙,紙パック・その他紙,ほ
資源ごみ,本,十字にしばってください。,ほ
資源ごみ,焼き肉のたれの容器（ビン）,あきビン　洗えないものは、もえないごみ。,や
資源ごみ,汚れたビン,あきビン　洗って汚れを取る。,よ
資源ごみ,汚れたペットボトル,ペットボトル　洗って汚れを取る。,よ
資源ごみ,汚れた缶（飲料）,あき缶　洗って汚れを取る。,よ
資源ごみ,汚れた発泡スチロール,発泡スチロール・発泡トレイ　洗って汚れを取る。,よ
資源ごみ,汚れた発泡トレイ,発泡スチロール・発泡トレイ　洗って汚れを取る。,よ
資源ごみ,洋酒ビン,あきビン　軽くすすいでください。,よ
資源ごみ,ルーズリーフ,紙パック・その他紙,る
資源ごみ,ワインのビン,あきビン　軽くすすいでください。,わ
資源ごみ,ワンカップ,あきビン　軽くすすいでください。,わ
受入できないごみ,衣類乾燥機,家電リサイクルに出してください。,い
受入できないごみ,一升瓶（酒用・茶色）,販売店に返してください。,い
受入できないごみ,植木鉢の土,自己処理してください。,う
受入できないごみ,エアコン,家電リサイクルに出してください。,え
受入できないごみ,エンジンオイル,販売店に相談してください。,え
受入できないごみ,液晶テレビ,家電リサイクルに出してください。,え
受入できないごみ,オイル,販売店に相談してください。,お
受入できないごみ,ガスボンベ,販売店に相談してください。,か
受入できないごみ,乾燥機（衣類）,家電リサイクルに出してください。,か
受入できないごみ,乾電池（ボタン電池）,販売店に相談してください。,か
受入できないごみ,牛乳ビン,販売店に返してください。,き
受入できないごみ,漁網（漁業関係）,産廃処理業者に頼む,き
受入できないごみ,クーラー（エアコン）,家電リサイクルに出してください。,く
受入できないごみ,携帯電話,販売店に相談してください。,け
受入できないごみ,原付バイク,販売店に相談してください。,け
受入できないごみ,コンクリート・ブロック,,こ
受入できないごみ,酒のビン（茶色一升瓶）,販売店に返してください。,さ
受入できないごみ,自動車,販売店に相談してください。,し
受入できないごみ,自動二輪車,販売店に相談してください。,し
受入できないごみ,消火器,販売店に相談してください。,し
受入できないごみ,スタイニービン,販売店に返してください。,す
受入できないごみ,洗濯機,家電リサイクルに出してください。,せ
受入できないごみ,タイヤ（自動車）,販売店に相談してください。,た
受入できないごみ,注射器,販売店に相談してください。,ち
受入できないごみ,テレビ（うす型）,家電リサイクルに出してください。,て
受入できないごみ,テレビ（ブラウン管）,家電リサイクルに出してください。,て
受入できないごみ,電池（ボタン電池）,販売店に相談してください。,て
受入できないごみ,電話機（携帯電話）,販売店に相談してください。,て
受入できないごみ,塗料,使い切ってください。,と
受入できないごみ,農機具類（動力有り）,販売店に相談してください。,の
受入できないごみ,農業用ビニールハウス一式,販売店に相談してください。,の
受入できないごみ,農業用ビニール類,販売店に相談してください。,の
受入できないごみ,農業用マルチシート,販売店に相談してください。,の
受入できないごみ,農薬類,販売店に相談してください。,の
受入できないごみ,パソコン,パソコンリサイクルに出してください。,は
受入できないごみ,パソコン用ディスプレィ,パソコンリサイクルに出してください。,は
受入できないごみ,バッテリー,販売店に相談してください。,は
受入できないごみ,廃油・オイル,販売店に相談してください。,は
受入できないごみ,鉢の土,,は
受入できないごみ,ピアノ,リサイクルできませんか？,ひ
受入できないごみ,ビールビン,販売店に返してください。,ひ
受入できないごみ,ビールビン（スタイニー）,販売店に返してください。,ひ
受入できないごみ,ビニールハウス一式,販売店に相談してください。,ひ
受入できないごみ,ビン（茶色のお酒の一升瓶・ビールビン）,販売店に返してください。,ひ
受入できないごみ,肥料,販売店に相談してください。,ひ
受入できないごみ,プラズマテレビ,家電リサイクルに出してください。,ふ
受入できないごみ,プランターの土,自己処理してください。,ふ
受入できないごみ,プロパンガスボンベ,販売店に相談してください。,ふ
受入できないごみ,薬品類,販売店に相談してください。,や
受入できないごみ,リターナブルビン（醤油のビン除く）,販売店に返してください。,り
受入できないごみ,レンガ,,れ
受入できないごみ,冷蔵庫（家庭用）,家電リサイクルに出してください。,れ
受入できないごみ,冷凍庫（家庭用）,家電リサイクルに出してください。,れ
受入できないごみ,冷凍冷蔵庫（家庭用）,家電リサイクルに出してください。,れ
受入できないごみ,冷房機器（エアコン）,家電リサイクルに出してください。,れ
